Protocollo;Gruppo;DataOraIncidente;Localizzazione1;STRADA1;Localizzazione2;STRADA2;Strada02;Chilometrica;DaSpecificare;NaturaIncidente;particolaritastrade;TipoStrada;FondoStradale;Pavimentazione;Segnaletica;CondizioneAtmosferica;Traffico;Visibilita;Illuminazione;NUM_FERITI;NUM_RISERVATA;NUM_MORTI;NUM_ILLESI;Longitudine;Latitudine;Confermato;Progressivo;TipoVeicolo;StatoVeicolo;Marca;Modello;TipoPersona;AnnoNascita;Sesso;Tipolesione;Deceduto;DecedutoDopo;CinturaCascoUtilizzato;Airbag
3378637;8;02/07/2017 18:50;;VIA ERCOLE MARELLI;all'intersezione con;VIA DEL TORRACCIO;VIA DEL TORRACCIO;;;Scontro laterale fra veicoli in marcia;;;;;;;;;;1;0;0;1;;;0;1;Velocipede;In marcia / fermata / arresto;Shimano;Rocky Bike;Conducente;1993;F;Rimandato;0;NON DECEDUTO;Esente;
3381556;13;04/07/2017 18:00;Strada Urbana;VIA DEI TRAGHETTI;all'intersezione con;VIA DEI VELIERI;VIA DEI VELIERI;;;Scontro frontale/laterale DX fra veicoli in marcia;Incrocio;Una carreggiata a doppio senso;Asciutto;Asfaltata;Verticale ed orizzontale;Sereno;Normale;Buona;Ore Diurne;1;0;0;1;12,27591;41,73688;-1;2;Velocipede;In marcia / fermata / arresto;(non accertato);(non accertato);Conducente;1963;M;Rimandato;0;NON DECEDUTO;Esente;
3383538;2;05/07/2017 12:20;;VIALE DEI CAVALLI MARINI;da specificare;;;;altezza VIA ANTONINO E FAUSTINA;Veicolo in marcia contro veicolo fermo;;;;;;;;;;0;0;0;4;;;0;2;Velocipede;In marcia / fermata / arresto;(ignoto);(ignoto);Conducente;1969;M;Illeso;0;;Esente;
3383538;2;05/07/2017 12:20;;VIALE DEI CAVALLI MARINI;da specificare;;;;altezza VIA ANTONINO E FAUSTINA;Veicolo in marcia contro veicolo fermo;;;;;;;;;;0;0;0;4;;;0;2;Velocipede;In marcia / fermata / arresto;(ignoto);(ignoto);Passeggero;1971;M;Illeso;0;;Esente;
3383538;2;05/07/2017 12:20;;VIALE DEI CAVALLI MARINI;da specificare;;;;altezza VIA ANTONINO E FAUSTINA;Veicolo in marcia contro veicolo fermo;;;;;;;;;;0;0;0;4;;;0;2;Velocipede;In marcia / fermata / arresto;(ignoto);(ignoto);Passeggero;2003;M;Illeso;0;;Esente;
3383538;2;05/07/2017 12:20;;VIALE DEI CAVALLI MARINI;da specificare;;;;altezza VIA ANTONINO E FAUSTINA;Veicolo in marcia contro veicolo fermo;;;;;;;;;;0;0;0;4;;;0;2;Velocipede;In marcia / fermata / arresto;(ignoto);(ignoto);Passeggero;2005;M;Illeso;0;;Esente;
3383587;7;06/07/2017 09:40;Strada Urbana;VIALE PALMIRO TOGLIATTI;in prossimità;;del civico n.;1284;;Scontro frontale/laterale DX fra veicoli in marcia;Rettilineo;Due carreggiate;Asciutto;Asfaltata;Verticale ed orizzontale;Sereno;Normale;Buona;Ore Diurne;1;0;0;1;;;0;2;Velocipede;In marcia / fermata / arresto;MBM;(non accertato);Conducente;1966;M;Rimandato;0;NON DECEDUTO;Esente;
3384155;12;03/07/2017 20:00;;VIA GIORGIO BONELLI;da specificare;;;;ROTATORIA LARGO JACOVITTI ;Scontro laterale fra veicoli in marcia;;;;;;;;;;1;0;0;1;;;0;2;Velocipede;In marcia / fermata / arresto;.DA UOMO;(ignoto);Conducente;0;M;Rimandato;0;NON DECEDUTO;Esente;
3384589;11;07/07/2017 00:05;Strada Urbana;VIA PORTUENSE;all'intersezione semaforizzata con;PIAZZALE PORTUENSE;PIAZZALE PORTUENSE;;;Scontro laterale fra veicoli in marcia;Intersezione semaforizzata;Una carreggiata a doppio senso;Asciutto;Asfaltata;Verticale ed orizzontale;Sereno;Normale;Buona;Sufficiente;1;0;0;1;12,47383;41,88378;0;2;Velocipede;In marcia / fermata / arresto;(ignoto);(ignoto);Conducente;2011;M;Illeso;0;;Esente;
3385106;1;06/07/2017 14:00;Strada Urbana;VIA BARBERINI;in prossimità;;del civico n.;12;;Scontro laterale fra veicoli in marcia;Rettilineo;Una carreggiata a senso unico di marcia;Asciutto;Asfaltata;Verticale ed orizzontale;Sereno;Normale;Buona;Ore Diurne;1;0;0;2;12,48969;41,90383;-1;1;Velocipede;In marcia / fermata / arresto;lazzaretti;(non accertato);Conducente;1962;M;Rimandato;0;NON DECEDUTO;Esente;
3385595;1;07/07/2017 09:10;Strada Urbana;VIALE MANZONI;all'intersezione semaforizzata con;VIA EMANUELE FILIBERTO;VIA EMANUELE FILIBERTO;;;Scontro frontale/laterale SX fra veicoli in marcia;Intersezione semaforizzata;Una carreggiata a doppio senso;Asciutto;Asfaltata;Verticale ed orizzontale;Sereno;Normale;Buona;Ore Diurne;2;0;0;1;;;0;1;Velocipede;In marcia / fermata / arresto;B Twin;(ignoto);Conducente;1981;M;Rimandato;0;NON DECEDUTO;Esente;
3385626;1;06/07/2017 18:15;Strada Urbana;VIA VITTORIO VENETO;all'intersezione con;VIA LIGURIA;VIA LIGURIA;;;Infortunio per sola frenata improvvisa;Incrocio;Una carreggiata a doppio senso;Asciutto;Asfaltata;Verticale ed orizzontale;Sereno;Normale;Buona;Ore Diurne;0;0;0;1;;;0;1;Velocipede;In marcia / fermata / arresto;Sonia;(ignoto);Conducente;1985;M;Illeso;0;;Esente;
3385885;18;07/07/2017 17:10;Strada Urbana;PIAZZALE GREGORIO VII;in prossimità;;del civico n.;27;;Scontro frontale fra veicoli in marcia;Rettilineo;Una carreggiata a senso unico di marcia;Asciutto;Asfaltata;Verticale ed orizzontale;Sereno;Scarso;Buona;Ore Diurne;1;0;0;1;12,45148;41,89903;0;1;Velocipede;In marcia / fermata / arresto;.DA DONNA;(ignoto);Conducente;1989;F;Rifiuta cure immediate;0;NON DECEDUTO;Esente;
3388034;10;06/07/2017 19:15;;VIA APPIA NUOVA;da specificare;;;;prox fronte civico1240;Veicolo in marcia contro ostacolo accidentale;;;;;;;;;;1;0;0;0;;;0;1;Velocipede;In marcia / fermata / arresto;Montana;(non accertato);Conducente;1972;M;Rimandato;0;NON DECEDUTO;Esente;
3388326;2;09/07/2017 18:00;;VIALE FIORELLO LA GUARDIA;da specificare;;;;FR V.LE TARRACONA;Veicolo in marcia contro ostacolo fisso;;;;;;;;;;1;0;0;1;;;0;1;Velocipede;In marcia / fermata / arresto;(ignoto);(ignoto);Conducente;1982;M;Illeso;0;;Esente;
3388326;2;09/07/2017 18:00;;VIALE FIORELLO LA GUARDIA;da specificare;;;;FR V.LE TARRACONA;Veicolo in marcia contro ostacolo fisso;;;;;;;;;;1;0;0;1;;;0;1;Velocipede;In marcia / fermata / arresto;(ignoto);(ignoto);Passeggero;1981;F;Ricoverato;0;NON DECEDUTO;Esente;
3388495;1;09/07/2017 02:55;Strada Urbana;LARGO VISCONTI VENOSTA;all'intersezione con;VIA CAVOUR;VIA CAVOUR;;;Scontro frontale/laterale SX fra veicoli in marcia;Incrocio;Una carreggiata a doppio senso;Asciutto;Asfaltata;Verticale ed orizzontale;Sereno;Scarso;Buona;Sufficiente;2;0;0;2;;;0;2;Velocipede;In marcia / fermata / arresto;(non accertato);(non accertato);Conducente;1991;M;Rimandato;0;NON DECEDUTO;Esente;
3388495;1;09/07/2017 02:55;Strada Urbana;LARGO VISCONTI VENOSTA;all'intersezione con;VIA CAVOUR;VIA CAVOUR;;;Scontro frontale/laterale SX fra veicoli in marcia;Incrocio;Una carreggiata a doppio senso;Asciutto;Asfaltata;Verticale ed orizzontale;Sereno;Scarso;Buona;Sufficiente;2;0;0;2;;;0;2;Velocipede;In marcia / fermata / arresto;(non accertato);(non accertato);Passeggero;2000;F;Ricoverato;0;NON DECEDUTO;Esente;
3389634;5;10/07/2017 14:30;;VIA TIBURTINA;da specificare;;;;altezza V.Brandizzi Gianni ferm.Atac dir. centro;Scontro laterale fra veicoli in marcia;;;;;;;;;;0;0;0;1;;;0;2;Velocipede;In marcia / fermata / arresto;(non accertato);(ignoto);Conducente;0;M;Illeso;0;;Esente;
3390978;10;11/07/2017 21:30;;VIA TUSCOLANA;all'intersezione semaforizzata con;PIAZZA ASTI;PIAZZA ASTI;;;Scontro laterale fra veicoli in marcia;;;;;;;;;;0;0;0;2;;;0;2;Velocipede;In marcia / fermata / arresto;Atala;(ignoto);Conducente;0;M;Illeso;0;;Esente;
3391035;1;10/07/2017 18:00;Strada Urbana;VIA DI S. PANTALEO;all'intersezione con;PIAZZA DI S. PANTALEO;PIAZZA DI S. PANTALEO;;;Scontro frontale/laterale SX fra veicoli in marcia;Incrocio;Una carreggiata a senso unico di marcia;Asciutto;Asfaltata;Verticale ed orizzontale;Sereno;Scarso;Buona;Ore Diurne;0;0;0;3;;;0;1;Velocipede;In marcia / fermata / arresto;Graziella;(non accertato);Conducente;1993;F;Illeso;0;;Esente;
3391237;2;11/07/2017 16:40;Strada Urbana;VIA PIETRO DE COUBERTIN;da specificare;;;;altezza fronte civico 30;Scontro frontale/laterale SX fra veicoli in marcia;Rettilineo;Una carreggiata a doppio senso;Asciutto;Asfaltata;Verticale;Sereno;Normale;Buona;Ore Diurne;2;0;0;0;12,47612;41,9303;0;2;Velocipede;In marcia / fermata / arresto;Collalti;(ignoto);Conducente;2004;F;Ricoverato;0;NON DECEDUTO;Esente;
3391427;1;08/07/2017 12:00;;VIALE MANZONI;all'intersezione con;VIA PRINCIPE EUGENIO;VIA PRINCIPE EUGENIO;;;Scontro frontale/laterale SX fra veicoli in marcia;;;;;;;;;;1;0;0;1;;;0;1;Velocipede;In marcia / fermata / arresto;(ignoto);(non accertato);Conducente;1965;M;Rimandato;0;NON DECEDUTO;Esente;
3392506;8;12/07/2017 18:15;Strada Urbana;VIA ERNESTO BREDA;all'intersezione con;VIA AMBROGIO NECCHI;VIA AMBROGIO NECCHI;;;Scontro laterale fra veicoli in marcia;Incrocio;Una carreggiata a senso unico di marcia;Asciutto;Asfaltata;Verticale ed orizzontale;Sereno;Scarso;Buona;Ore Diurne;0;0;0;2;12,64296;41,86183;0;2;Velocipede;In marcia / fermata / arresto;Olmo;(non accertato);Conducente;1987;M;Illeso;0;;Esente;
3392989;5;13/07/2017 03:25;;VIA DI PORTONACCIO;all'intersezione con;VIA TIBURTINA;VIA TIBURTINA;;;Fuoriuscita dalla sede stradale;;;;;;;;;;1;0;0;0;;;0;1;Velocipede;In marcia / fermata / arresto;(ignoto);(non accertato);Conducente;1986;M;Rimandato;0;NON DECEDUTO;Esente;
3393347;2;13/07/2017 14:00;;VIA SALARIA;da specificare;;;;fronte civico 408;Tamponamento;;;;;;;;;;3;0;0;0;;;0;3;Velocipede;In marcia / fermata / arresto;Bottecchia;Mountain bike;Conducente;2001;M;Rimandato;0;NON DECEDUTO;Esente;
3394064;11;13/07/2017 23:15;Strada Urbana;LUNGOTEVERE DEGLI INVENTORI;all'intersezione semaforizzata con;VIALE GUGLIELMO MARCONI;VIALE GUGLIELMO MARCONI;;;Tamponamento;Intersezione semaforizzata;Più di due carreggiate;Asciutto;Asfaltata;Verticale ed orizzontale;Sereno;Normale;Sufficiente;Sufficiente;1;0;0;1;12,47006;41,86129;0;2;Velocipede;In marcia / fermata / arresto;(non accertato);(non accertato);Conducente;1999;M;Rimandato;0;NON DECEDUTO;Esente;
3394088;20;13/07/2017 11:10;Comunale extraurbana;VIA DELLA GIUSTINIANA;in corrispondenza;;del civico n.;f.c. 1012;;Veicolo in marcia contro ostacolo accidentale;Curva a visuale libera;Una carreggiata a doppio senso;Asciutto;Asfaltata;Orizzontale;Sereno;Normale;Buona;Ore Diurne;0;0;0;1;;;0;1;Velocipede;In marcia / fermata / arresto;Moser;(non accertato);Conducente;1952;M;Illeso;0;;Esente;
3397160;10;16/07/2017 18:50;;VIA APPIA PIGNATELLI;in prossimità;;del civico n.;291;;Veicolo in marcia contro veicoli in sosta;;;;;;;;;;1;0;0;2;;;0;2;Velocipede;In marcia / fermata / arresto;(non accertato);(non accertato);Conducente;1995;M;Rimandato;0;NON DECEDUTO;Esente;
3402811;4;20/07/2017 09:45;;VIA CAVRIGLIA;in prossimità;;del civico n.;23;;Veicolo in marcia contro ostacolo fisso;;;;;;;;;;1;0;0;0;12,51505;41,94759;0;1;Velocipede;In marcia / fermata / arresto;(ignoto);(ignoto);Conducente;1984;M;Rimandato;0;NON DECEDUTO;Esente;
3403648;13;21/07/2017 10:30;;VIA ARMANDO ARMUZZI;da specificare;;;;pross. P.le della Posta ;Veicolo in marcia contro ostacolo accidentale;;;;;;;;;;0;0;0;1;;;0;1;Velocipede;In marcia / fermata / arresto;Bianchi;(ignoto);Conducente;1975;M;Illeso;0;;Esente;
3406674;15;24/07/2017 16:55;;VIA DI AFFOGALASINO;in prossimità;;del civico n.;136;;Scontro laterale fra veicoli in marcia;;;;;;;;;;1;0;0;1;12,43529;41,85321;0;2;Velocipede;In marcia / fermata / arresto;esperia;uomo;Conducente;0;M;Rimandato;0;NON DECEDUTO;Esente;
3406876;1;23/07/2017 15:00;Strada Urbana;VIA DEI DUE MACELLI;all'intersezione semaforizzata con;VIA DI CAPO LE CASE;VIA DI CAPO LE CASE;;;Veicolo in marcia contro ostacolo accidentale;Intersezione semaforizzata;Una carreggiata a senso unico di marcia;Asciutto;Asfaltata;Verticale;Sereno;Scarso;Buona;Ore Diurne;1;0;0;0;;;0;1;Velocipede;In marcia / fermata / arresto;(non accertato);(non accertato);Conducente;1993;M;Ricoverato;0;NON DECEDUTO;Esente;
3406927;1;23/07/2017 13:20;Strada Urbana;VIA EMANUELE FILIBERTO;in prossimità;;del civico n.;191;;Scontro frontale/laterale SX fra veicoli in marcia;Rettilineo;Una carreggiata a doppio senso;Asciutto;Asfaltata;Verticale ed orizzontale;Sereno;Scarso;Buona;Ore Diurne;2;0;0;0;;;0;1;Velocipede;In marcia / fermata / arresto;Graziella;(non accertato);Conducente;1999;M;Rimandato;0;NON DECEDUTO;Esente;
3408755;10;26/07/2017 11:20;Statale entro l'abitato;VIA DI PASSOLOMBARDO;in corrispondenza;;del civico n.;35;;Scontro laterale fra veicoli in marcia;Rettilineo;Una carreggiata a doppio senso;Asciutto;Asfaltata;Orizzontale;Sereno;Normale;Sufficiente;Ore Diurne;1;0;0;1;;;0;2;Velocipede;In marcia / fermata / arresto;Shimado;Bikes;Conducente;2002;M;Rimandato;0;NON DECEDUTO;Esente;
3409139;3;25/07/2017 17:00;;VIALE PRETORIANO;all'intersezione semaforizzata con;VIALE PIERO GOBETTI;VIALE PIERO GOBETTI;;;Investimento di pedone;;;;;;;;;;2;0;0;0;;;0;1;Velocipede;In marcia / fermata / arresto;Chiorda;tipo uomo;Conducente;0;M;Rifiuta cure immediate;0;NON DECEDUTO;Esente;
3409729;6;27/07/2017 08:30;Strada Urbana;VIALE DELLA VENEZIA GIULIA;all'intersezione con;VIA MONTONA;VIA MONTONA;;;Scontro frontale/laterale DX fra veicoli in marcia;Incrocio;Una carreggiata a doppio senso;Asciutto;Asfaltata;Orizzontale;Sereno;Normale;Buona;Ore Diurne;1;0;0;1;;;0;2;Velocipede;In marcia / fermata / arresto;Cobran;(ignoto);Conducente;1989;M;Rimandato;0;NON DECEDUTO;Esente;
3410287;9;18/07/2017 22:30;;PIAZZA RAGUSA;all'intersezione con;VIA DELLA STAZIONE TUSCOLANA;VIA DELLA STAZIONE TUSCOLANA;;;Scontro frontale/laterale SX fra veicoli in marcia;;;;;;;;;;1;0;0;0;;;0;2;Velocipede;In marcia / fermata / arresto;(ignoto);(non accertato);Conducente;1976;M;Rimandato;0;NON DECEDUTO;Esente;
3410318;2;27/07/2017 11:40;;LUNGOTEVERE ARNALDO DA BRESCIA;da specificare;;;;sottopasso;Scontro laterale fra veicoli in marcia;;;;;;;;;;1;0;0;2;;;0;2;Velocipede;In marcia / fermata / arresto;(ignoto);(non accertato);Conducente;0;M;Rimandato;0;NON DECEDUTO;Esente;
3410481;23;26/07/2017 19:30;;PIAZZALE CRISTOFORO COLOMBO;all'intersezione con;LUNGOMARE LUTAZIO CATULO;LUNGOMARE LUTAZIO CATULO;;;Scontro frontale/laterale SX fra veicoli in marcia;;;;;;;;;;0;0;0;2;;;0;2;Velocipede;In marcia / fermata / arresto;(ignoto);(non accertato);Conducente;1982;M;Illeso;0;;Esente;
3411592;2;27/07/2017 12:20;;PIAZZALE BRASILE;all'intersezione semaforizzata con;VIALE SAN PAOLO DEL BRASILE;VIALE SAN PAOLO DEL BRASILE;;;Scontro frontale/laterale SX fra veicoli in marcia;;;;;;;;;;0;0;0;3;;;0;1;Velocipede;In marcia / fermata / arresto;RISCIO';(non accertato);Conducente;1990;F;Illeso;0;;Esente;
3411592;2;27/07/2017 12:20;;PIAZZALE BRASILE;all'intersezione semaforizzata con;VIALE SAN PAOLO DEL BRASILE;VIALE SAN PAOLO DEL BRASILE;;;Scontro frontale/laterale SX fra veicoli in marcia;;;;;;;;;;0;0;0;3;;;0;1;Velocipede;In marcia / fermata / arresto;RISCIO';(non accertato);Passeggero;1988;F;Illeso;0;;Esente;
3413921;23;29/07/2017 11:00;;VIA CRISTOFORO COLOMBO;in corrispondenza;;della chilometrica;16;;Scontro laterale fra veicoli in marcia;;;;;;;;;;0;0;0;2;;;0;2;Velocipede;In marcia / fermata / arresto;(non accertato);(ignoto);Conducente;1951;M;Illeso;0;;Esente;